-- phpMyAdmin SQL Dump
-- version 5.2.0
-- https://www.phpmyadmin.net/
--
-- Host: 127.0.0.1
-- Generation Time: Jan 30, 2024 at 05:55 AM
-- Server version: 10.4.27-MariaDB
-- PHP Version: 8.1.12

SET SQL_MODE = "NO_AUTO_VALUE_ON_ZERO";
START TRANSACTION;
SET time_zone = "+00:00";


/*!40101 SET @OLD_CHARACTER_SET_CLIENT=@@CHARACTER_SET_CLIENT */;
/*!40101 SET @OLD_CHARACTER_SET_RESULTS=@@CHARACTER_SET_RESULTS */;
/*!40101 SET @OLD_COLLATION_CONNECTION=@@COLLATION_CONNECTION */;
/*!40101 SET NAMES utf8mb4 */;

--
-- Database: `online_food`
--

-- --------------------------------------------------------

--
-- Table structure for table `admin`
--

CREATE TABLE `admin` (
  `id` int(11) NOT NULL,
  `name` varchar(50) NOT NULL,
  `username` varchar(50) NOT NULL,
  `password` varchar(50) NOT NULL,
  `email` varchar(50) NOT NULL
) ENGINE=InnoDB DEFAULT CHARSET=latin1 COLLATE=latin1_swedish_ci;

--
-- Dumping data for table `admin`
--

INSERT INTO `admin` (`id`, `name`, `username`, `password`, `email`) VALUES
(1, 'Admin', 'admin', 'admin', 'admin@gmail.com');

-- --------------------------------------------------------

--
-- Table structure for table `banner`
--

CREATE TABLE `banner` (
  `id` int(11) NOT NULL,
  `image` varchar(100) NOT NULL,
  `heading` varchar(500) NOT NULL,
  `sub_heading` varchar(500) NOT NULL,
  `link` varchar(100) NOT NULL,
  `link_txt` varchar(100) NOT NULL,
  `order_number` int(11) NOT NULL,
  `added_on` datetime NOT NULL,
  `status` int(11) NOT NULL
) ENGINE=InnoDB DEFAULT CHARSET=latin1 COLLATE=latin1_swedish_ci;

--
-- Dumping data for table `banner`
--

INSERT INTO `banner` (`id`, `image`, `heading`, `sub_heading`, `link`, `link_txt`, `order_number`, `added_on`, `status`) VALUES
(1, '533799913_banner-4.jpg', 'Drink & Heathy Food', 'Fresh Heathy and Organic', 'shop', 'Order Now', 1, '2020-06-23 03:00:05', 1),
(2, '643736091_hero-bg.jpg', 'Fast Food Restaurant', 'Eat Fresh, Feel Fresh, Fresh Out of Excuses!', 'shop', 'Order Now', 1, '2020-06-23 03:06:53', 1);

-- --------------------------------------------------------

--
-- Table structure for table `category`
--

CREATE TABLE `category` (
  `id` int(11) NOT NULL,
  `category` varchar(50) NOT NULL,
  `order_number` int(11) NOT NULL,
  `status` int(11) NOT NULL,
  `added_on` datetime NOT NULL
) ENGINE=InnoDB DEFAULT CHARSET=latin1 COLLATE=latin1_swedish_ci;

--
-- Dumping data for table `category`
--

INSERT INTO `category` (`id`, `category`, `order_number`, `status`, `added_on`) VALUES
(1, 'Chaat & Snacks', 1, 1, '2020-06-16 12:06:33'),
(2, 'Chinese', 2, 1, '2020-06-16 12:06:41'),
(3, 'South Indian', 3, 1, '2020-06-16 12:06:59'),
(4, 'Desserts', 4, 1, '2020-06-16 12:07:18'),
(6, 'Fast Foods', 5, 1, '2024-01-30 09:26:02');

-- --------------------------------------------------------

--
-- Table structure for table `contact_us`
--

CREATE TABLE `contact_us` (
  `id` int(11) NOT NULL,
  `name` varchar(100) NOT NULL,
  `email` varchar(100) NOT NULL,
  `mobile` varchar(15) NOT NULL,
  `subject` varchar(200) NOT NULL,
  `message` text NOT NULL,
  `added_on` datetime NOT NULL
) ENGINE=InnoDB DEFAULT CHARSET=latin1 COLLATE=latin1_swedish_ci;

-- --------------------------------------------------------

--
-- Table structure for table `coupon_code`
--

CREATE TABLE `coupon_code` (
  `id` int(11) NOT NULL,
  `coupon_code` varchar(20) NOT NULL,
  `coupon_type` enum('P','F') NOT NULL,
  `coupon_value` int(11) NOT NULL,
  `cart_min_value` int(11) NOT NULL,
  `expired_on` date NOT NULL,
  `status` int(11) NOT NULL,
  `added_on` datetime NOT NULL
) ENGINE=InnoDB DEFAULT CHARSET=latin1 COLLATE=latin1_swedish_ci;

--
-- Dumping data for table `coupon_code`
--

INSERT INTO `coupon_code` (`id`, `coupon_code`, `coupon_type`, `coupon_value`, `cart_min_value`, `expired_on`, `status`, `added_on`) VALUES
(1, 'FIRST50', 'P', 10, 50, '2020-08-20', 1, '2020-06-20 05:31:03'),
(2, 'FRIDAY', 'F', 200, 200, '2020-07-15', 1, '2020-07-10 10:38:43');

-- --------------------------------------------------------

--
-- Table structure for table `delivery_boy`
--

CREATE TABLE `delivery_boy` (
  `id` int(11) NOT NULL,
  `name` varchar(50) NOT NULL,
  `mobile` varchar(50) NOT NULL,
  `password` varchar(50) NOT NULL,
  `status` int(11) NOT NULL,
  `added_on` datetime NOT NULL
) ENGINE=InnoDB DEFAULT CHARSET=latin1 COLLATE=latin1_swedish_ci;

--
-- Dumping data for table `delivery_boy`
--

INSERT INTO `delivery_boy` (`id`, `name`, `mobile`, `password`, `status`, `added_on`) VALUES
(1, 'Priyanshu', '1234567890', 'priyanshu', 1, '2020-07-08 08:06:06'),
(2, 'Shani', '1234567891', 'shani', 1, '2020-07-08 08:06:21');

-- --------------------------------------------------------

--
-- Table structure for table `dish`
--

CREATE TABLE `dish` (
  `id` int(11) NOT NULL,
  `category_id` int(11) NOT NULL,
  `dish` varchar(100) NOT NULL,
  `dish_detail` text NOT NULL,
  `image` varchar(100) NOT NULL,
  `type` enum('veg','non-veg') NOT NULL,
  `status` int(11) NOT NULL,
  `added_on` datetime NOT NULL
) ENGINE=InnoDB DEFAULT CHARSET=latin1 COLLATE=latin1_swedish_ci;

--
-- Dumping data for table `dish`
--

INSERT INTO `dish` (`id`, `category_id`, `dish`, `dish_detail`, `image`, `type`, `status`, `added_on`) VALUES
(1, 4, 'Gulab Jamun', 'Gulab Jamun', '977945963_862169053_gulab-jamun.jpg', 'veg', 1, '2020-06-17 10:43:59'),
(3, 2, 'Chow mein', 'Chow mein', '836724175_Chowmein.jpg', 'non-veg', 1, '2020-06-17 10:47:26'),
(4, 5, 'Butter Chicken', 'Butter chicken or murg makhani is a dish, originating in the Indian subcontinent, of chicken in a mildly spiced tomato sauce.', '348714192_30-Minute-Instant-Pot-Butter-Chicken-7.jpg', 'non-veg', 1, '2020-06-27 12:50:50'),
(5, 2, 'Testing', 'testing', '140977647_404.jpg', 'veg', 0, '2020-07-06 12:00:24');

-- --------------------------------------------------------

--
-- Table structure for table `dish_cart`
--

CREATE TABLE `dish_cart` (
  `id` int(11) NOT NULL,
  `user_id` int(11) NOT NULL,
  `dish_detail_id` int(11) NOT NULL,
  `qty` int(11) NOT NULL,
  `added_on` datetime NOT NULL
) ENGINE=InnoDB DEFAULT CHARSET=latin1 COLLATE=latin1_swedish_ci;

--
-- Dumping data for table `dish_cart`
--

INSERT INTO `dish_cart` (`id`, `user_id`, `dish_detail_id`, `qty`, `added_on`) VALUES
(3, 2, 6, 2, '2020-07-21 09:18:31'),
(7, 6, 6, 1, '2024-01-28 05:44:17'),
(12, 7, 2, 1, '2024-01-30 09:14:58');

-- --------------------------------------------------------

--
-- Table structure for table `dish_details`
--

CREATE TABLE `dish_details` (
  `id` int(11) NOT NULL,
  `dish_id` int(11) NOT NULL,
  `attribute` varchar(100) NOT NULL,
  `price` int(11) NOT NULL,
  `status` int(11) NOT NULL,
  `added_on` datetime NOT NULL
) ENGINE=InnoDB DEFAULT CHARSET=latin1 COLLATE=latin1_swedish_ci;

--
-- Dumping data for table `dish_details`
--

INSERT INTO `dish_details` (`id`, `dish_id`, `attribute`, `price`, `status`, `added_on`) VALUES
(1, 3, 'Full', 300, 1, '2020-06-19 10:25:47'),
(2, 3, 'Half', 170, 1, '2020-06-19 10:49:45'),
(6, 1, 'Per Piece', 40, 1, '2020-06-20 00:00:00'),
(8, 4, 'Half', 250, 0, '2020-06-27 12:50:50'),
(9, 4, 'Full', 410, 1, '2020-06-27 12:50:50'),
(11, 5, 'Test1', 100, 1, '2020-07-06 12:00:24'),
(12, 5, 'Test2', 200, 0, '2020-07-06 12:00:24');

-- --------------------------------------------------------

--
-- Table structure for table `order_detail`
--

CREATE TABLE `order_detail` (
  `id` int(11) NOT NULL,
  `order_id` int(11) NOT NULL,
  `dish_details_id` int(11) NOT NULL,
  `price` float NOT NULL,
  `qty` int(11) NOT NULL
) ENGINE=InnoDB DEFAULT CHARSET=latin1 COLLATE=latin1_swedish_ci;

--
-- Dumping data for table `order_detail`
--

INSERT INTO `order_detail` (`id`, `order_id`, `dish_details_id`, `price`, `qty`) VALUES
(1, 1, 6, 40, 6),
(2, 2, 6, 40, 4),
(3, 3, 6, 40, 3),
(4, 4, 2, 170, 1),
(5, 5, 2, 170, 1);

-- --------------------------------------------------------

--
-- Table structure for table `order_master`
--

CREATE TABLE `order_master` (
  `id` int(11) NOT NULL,
  `user_id` int(11) NOT NULL,
  `name` varchar(50) NOT NULL,
  `email` varchar(50) NOT NULL,
  `mobile` varchar(50) NOT NULL,
  `address` text NOT NULL,
  `total_price` float NOT NULL,
  `coupon_code` varchar(20) NOT NULL,
  `final_price` float NOT NULL,
  `zipcode` varchar(10) NOT NULL,
  `delivery_boy_id` int(11) NOT NULL,
  `payment_status` varchar(20) NOT NULL,
  `payment_type` varchar(10) NOT NULL,
  `payment_id` varchar(100) NOT NULL,
  `order_status` int(11) NOT NULL,
  `cancel_by` enum('user','admin') NOT NULL,
  `cancel_at` datetime NOT NULL,
  `added_on` datetime NOT NULL,
  `delivered_on` datetime NOT NULL
) ENGINE=InnoDB DEFAULT CHARSET=latin1 COLLATE=latin1_swedish_ci;

-- --------------------------------------------------------

--
-- Table structure for table `order_status`
--

CREATE TABLE `order_status` (
  `id` int(11) NOT NULL,
  `order_status` varchar(50) NOT NULL
) ENGINE=InnoDB DEFAULT CHARSET=latin1 COLLATE=latin1_swedish_ci;

--
-- Dumping data for table `order_status`
--

INSERT INTO `order_status` (`id`, `order_status`) VALUES
(1, 'Pending'),
(2, 'Cooking '),
(3, 'On the Way'),
(4, 'Delivered'),
(5, 'Cancel');

-- --------------------------------------------------------

--
-- Table structure for table `rating`
--

CREATE TABLE `rating` (
  `id` int(11) NOT NULL,
  `user_id` int(11) NOT NULL,
  `order_id` int(11) NOT NULL,
  `dish_detail_id` int(11) NOT NULL,
  `rating` int(11) NOT NULL
) ENGINE=InnoDB DEFAULT CHARSET=latin1 COLLATE=latin1_swedish_ci;

--
-- Dumping data for table `rating`
--

INSERT INTO `rating` (`id`, `user_id`, `order_id`, `dish_detail_id`, `rating`) VALUES
(1, 1, 6, 1, 5);

-- --------------------------------------------------------

--
-- Table structure for table `setting`
--

CREATE TABLE `setting` (
  `id` int(11) NOT NULL,
  `cart_min_price` int(11) NOT NULL,
  `cart_min_price_msg` varchar(250) NOT NULL,
  `website_close` int(11) NOT NULL,
  `wallet_amt` int(11) NOT NULL,
  `website_close_msg` varchar(250) NOT NULL,
  `referral_amt` int(11) NOT NULL
) ENGINE=InnoDB DEFAULT CHARSET=latin1 COLLATE=latin1_swedish_ci;

--
-- Dumping data for table `setting`
--

INSERT INTO `setting` (`id`, `cart_min_price`, `cart_min_price_msg`, `website_close`, `wallet_amt`, `website_close_msg`, `referral_amt`) VALUES
(1, 40, 'Cart min price will be 50 rs', 0, 0, 'Website Closed for today', 50);

-- --------------------------------------------------------

--
-- Table structure for table `user`
--

CREATE TABLE `user` (
  `id` int(11) NOT NULL,
  `name` varchar(50) NOT NULL,
  `email` varchar(50) NOT NULL,
  `mobile` varchar(15) NOT NULL,
  `password` varchar(100) NOT NULL,
  `status` int(11) NOT NULL,
  `email_verify` int(11) NOT NULL,
  `rand_str` varchar(20) NOT NULL,
  `referral_code` varchar(20) NOT NULL,
  `from_referral_code` varchar(20) NOT NULL,
  `added_on` datetime NOT NULL
) ENGINE=InnoDB DEFAULT CHARSET=latin1 COLLATE=latin1_swedish_ci;

--
-- Dumping data for table `user`
--

INSERT INTO `user` (`id`, `name`, `email`, `mobile`, `password`, `status`, `email_verify`, `rand_str`, `referral_code`, `from_referral_code`, `added_on`) VALUES
(7, 'Shani Sharma', 'sarmashani933@gmail.com', '9999999999', '$2y$10$CtzeNO9O9MOavFgincmLnu/3UvjsSsi2Si.W1yMsiGnMVYPtU/JwG', 1, 1, 'ycjrofhumlunqsj', 'sracgwozdjbxwus', '', '2024-01-28 06:09:46');

-- --------------------------------------------------------

--
-- Table structure for table `wallet`
--

CREATE TABLE `wallet` (
  `id` int(11) NOT NULL,
  `user_id` int(11) NOT NULL,
  `amt` int(11) NOT NULL,
  `msg` varchar(500) NOT NULL,
  `type` enum('in','out') NOT NULL,
  `payment_id` varchar(50) NOT NULL,
  `added_on` datetime NOT NULL
) ENGINE=InnoDB DEFAULT CHARSET=latin1 COLLATE=latin1_swedish_ci;

--
-- Dumping data for table `wallet`
--

INSERT INTO `wallet` (`id`, `user_id`, `amt`, `msg`, `type`, `payment_id`, `added_on`) VALUES
(25, 7, 2000, 'Republic Day Bonus', 'in', '', '2024-01-30 09:35:49');

--
-- Indexes for dumped tables
--

--
-- Indexes for table `admin`
--
ALTER TABLE `admin`
  ADD PRIMARY KEY (`id`);

--
-- Indexes for table `banner`
--
ALTER TABLE `banner`
  ADD PRIMARY KEY (`id`);

--
-- Indexes for table `category`
--
ALTER TABLE `category`
  ADD PRIMARY KEY (`id`);

--
-- Indexes for table `contact_us`
--
ALTER TABLE `contact_us`
  ADD PRIMARY KEY (`id`);

--
-- Indexes for table `coupon_code`
--
ALTER TABLE `coupon_code`
  ADD PRIMARY KEY (`id`);

--
-- Indexes for table `delivery_boy`
--
ALTER TABLE `delivery_boy`
  ADD PRIMARY KEY (`id`);

--
-- Indexes for table `dish`
--
ALTER TABLE `dish`
  ADD PRIMARY KEY (`id`);

--
-- Indexes for table `dish_cart`
--
ALTER TABLE `dish_cart`
  ADD PRIMARY KEY (`id`);

--
-- Indexes for table `dish_details`
--
ALTER TABLE `dish_details`
  ADD PRIMARY KEY (`id`);

--
-- Indexes for table `order_detail`
--
ALTER TABLE `order_detail`
  ADD PRIMARY KEY (`id`);

--
-- Indexes for table `order_master`
--
ALTER TABLE `order_master`
  ADD PRIMARY KEY (`id`);

--
-- Indexes for table `order_status`
--
ALTER TABLE `order_status`
  ADD PRIMARY KEY (`id`);

--
-- Indexes for table `rating`
--
ALTER TABLE `rating`
  ADD PRIMARY KEY (`id`);

--
-- Indexes for table `setting`
--
ALTER TABLE `setting`
  ADD PRIMARY KEY (`id`);

--
-- Indexes for table `user`
--
ALTER TABLE `user`
  ADD PRIMARY KEY (`id`);

--
-- Indexes for table `wallet`
--
ALTER TABLE `wallet`
  ADD PRIMARY KEY (`id`);

--
-- AUTO_INCREMENT for dumped tables
--

--
-- AUTO_INCREMENT for table `admin`
--
ALTER TABLE `admin`
  MODIFY `id` int(11) NOT NULL AUTO_INCREMENT, AUTO_INCREMENT=2;

--
-- AUTO_INCREMENT for table `banner`
--
ALTER TABLE `banner`
  MODIFY `id` int(11) NOT NULL AUTO_INCREMENT, AUTO_INCREMENT=3;

--
-- AUTO_INCREMENT for table `category`
--
ALTER TABLE `category`
  MODIFY `id` int(11) NOT NULL AUTO_INCREMENT, AUTO_INCREMENT=7;

--
-- AUTO_INCREMENT for table `contact_us`
--
ALTER TABLE `contact_us`
  MODIFY `id` int(11) NOT NULL AUTO_INCREMENT, AUTO_INCREMENT=2;

--
-- AUTO_INCREMENT for table `coupon_code`
--
ALTER TABLE `coupon_code`
  MODIFY `id` int(11) NOT NULL AUTO_INCREMENT, AUTO_INCREMENT=3;

--
-- AUTO_INCREMENT for table `delivery_boy`
--
ALTER TABLE `delivery_boy`
  MODIFY `id` int(11) NOT NULL AUTO_INCREMENT, AUTO_INCREMENT=3;

--
-- AUTO_INCREMENT for table `dish`
--
ALTER TABLE `dish`
  MODIFY `id` int(11) NOT NULL AUTO_INCREMENT, AUTO_INCREMENT=6;

--
-- AUTO_INCREMENT for table `dish_cart`
--
ALTER TABLE `dish_cart`
  MODIFY `id` int(11) NOT NULL AUTO_INCREMENT, AUTO_INCREMENT=13;

--
-- AUTO_INCREMENT for table `dish_details`
--
ALTER TABLE `dish_details`
  MODIFY `id` int(11) NOT NULL AUTO_INCREMENT, AUTO_INCREMENT=13;

--
-- AUTO_INCREMENT for table `order_detail`
--
ALTER TABLE `order_detail`
  MODIFY `id` int(11) NOT NULL AUTO_INCREMENT, AUTO_INCREMENT=6;

--
-- AUTO_INCREMENT for table `order_master`
--
ALTER TABLE `order_master`
  MODIFY `id` int(11) NOT NULL AUTO_INCREMENT, AUTO_INCREMENT=6;

--
-- AUTO_INCREMENT for table `order_status`
--
ALTER TABLE `order_status`
  MODIFY `id` int(11) NOT NULL AUTO_INCREMENT, AUTO_INCREMENT=6;

--
-- AUTO_INCREMENT for table `rating`
--
ALTER TABLE `rating`
  MODIFY `id` int(11) NOT NULL AUTO_INCREMENT, AUTO_INCREMENT=2;

--
-- AUTO_INCREMENT for table `setting`
--
ALTER TABLE `setting`
  MODIFY `id` int(11) NOT NULL AUTO_INCREMENT, AUTO_INCREMENT=2;

--
-- AUTO_INCREMENT for table `user`
--
ALTER TABLE `user`
  MODIFY `id` int(11) NOT NULL AUTO_INCREMENT, AUTO_INCREMENT=8;

--
-- AUTO_INCREMENT for table `wallet`
--
ALTER TABLE `wallet`
  MODIFY `id` int(11) NOT NULL AUTO_INCREMENT, AUTO_INCREMENT=26;
COMMIT;

/*!40101 SET CHARACTER_SET_CLIENT=@OLD_CHARACTER_SET_CLIENT */;
/*!40101 SET CHARACTER_SET_RESULTS=@OLD_CHARACTER_SET_RESULTS */;
/*!40101 SET COLLATION_CONNECTION=@OLD_COLLATION_CONNECTION */;
